<?xml version="1.0" encoding="UTF-8"?>
<robot generated="20090519 13:19:50.260" generator="Robot 2.1 (Jython 2.2.1 on java1.6.0_12)">
<suite name="Test" source="c:\cygwin\home\reaktor\workspace\swinglibdemo\test.tsv">
<doc/>
<metadata>
</metadata>
<test name="Save Splash Screen" timeout="" critical="yes">
<doc/>
<kw name="org.robotframework.registration.keywords.ExtendedSwingLibrary.Start Application In Separate Thread" type="kw" timeout="">
<doc>Launches application in a separate thread with the given arguments.</doc>
<arguments>
<arg>org.robotframework.registration.Main</arg>
<arg>splash</arg>
</arguments>
<msg html="no" timestamp="20090519 13:19:52.194" level="TRACE">Arguments: [ org.robotframework.registration.Main | splash ]</msg>
<msg html="no" timestamp="20090519 13:19:52.203" level="TRACE">Return: None</msg>
<status status="PASS" endtime="20090519 13:19:52.203" starttime="20090519 13:19:52.194"/>
</kw>
<kw name="BuiltIn.Sleep" type="kw" timeout="">
<doc>Pauses the test executed for the given time.</doc>
<arguments>
<arg>1</arg>
</arguments>
<msg html="no" timestamp="20090519 13:19:52.243" level="TRACE">Arguments: [ 1 ]</msg>
<msg html="no" timestamp="20090519 13:19:53.285" level="INFO">Slept 1 second</msg>
<msg html="no" timestamp="20090519 13:19:53.285" level="TRACE">Return: None</msg>
<status status="PASS" endtime="20090519 13:19:53.285" starttime="20090519 13:19:52.233"/>
</kw>
<kw name="Screenshot.Save Screenshot" type="kw" timeout="">
<doc>Saves a screenshot with a generated unique name.</doc>
<arguments>
</arguments>
<msg html="no" timestamp="20090519 13:19:53.295" level="TRACE">Arguments: [  ]</msg>
<msg html="no" timestamp="20090519 13:19:53.885" level="INFO">Screenshot saved to 'c:\cygwin\home\reaktor\workspace\swinglibdemo\results\screenshot_3.jpg'</msg>
<msg html="no" timestamp="20090519 13:19:53.885" level="TRACE">Return: c:\cygwin\home\reaktor\workspace\swinglibdemo\results\screenshot_3.jpg</msg>
<status status="PASS" endtime="20090519 13:19:53.885" starttime="20090519 13:19:53.295"/>
</kw>
<tags>
</tags>
<status status="PASS" endtime="20090519 13:19:53.885" starttime="20090519 13:19:52.184"/>
</test>
<status status="PASS" endtime="20090519 13:19:53.895" starttime="20090519 13:19:50.371"/>
</suite>
<statistics>
<total>
<stat fail="0" pass="1">Critical Tests</stat>
<stat fail="0" pass="1">All Tests</stat>
</total>
<tag>
</tag>
<suite>
<stat fail="0" pass="1" doc="Test">Test</stat>
</suite>
</statistics>
<errors>
</errors>
</robot>
